wav,distance_m,angle_gt_deg,t_center_s,theta_raw_deg,theta_calib_deg,theta_offset_deg,confidence,score_top1,top1_deg,top1_score,top2_deg,top2_score,used_flag,calib_file
test_0deg_100cm.wav,1.0,0.0,1.95,0.0,0.5,0.5,0.20927753330954657,1.213498248328923,0.0,1.213498248328923,180.0,0.9595403282429811,1,calib_100cm.json
test_0deg_100cm.wav,1.0,0.0,2.45,0.0,0.5,0.5,0.007182673913028721,0.5787951669173037,0.0,0.5787951669173037,181.0,0.5746378699708925,0,calib_100cm.json
test_0deg_100cm.wav,1.0,0.0,2.95,0.0,0.5,0.5,0.3881061036578063,1.6220498148997555,0.0,1.6220498148997555,180.0,0.9925223812997573,1,calib_100cm.json
test_0deg_100cm.wav,1.0,0.0,3.45,0.0,0.5,0.5,0.27830244595926484,2.3167404905795004,0.0,2.3167404905795004,180.0,1.6719859453980799,1,calib_100cm.json
test_0deg_100cm.wav,1.0,0.0,3.95,0.0,0.5,0.5,0.3740415962063068,1.746057678441279,0.0,1.746057678441279,180.0,1.0929594773284506,1,calib_100cm.json
test_0deg_100cm.wav,1.0,0.0,4.45,359.0,359.5,0.5,0.12918082475336878,1.25525006661199,359.0,1.25525006661199,1.0,1.0930958277352028,1,calib_100cm.json
test_0deg_100cm.wav,1.0,0.0,4.95,1.0,1.5,0.5,0.22471787934264228,1.3976254310076526,1.0,1.3976254310076526,0.0,1.0835540080360417,1,calib_100cm.json
test_0deg_100cm.wav,1.0,0.0,5.45,0.0,0.5,0.5,0.4018171549816054,1.5504380977893983,0.0,1.5504380977893983,180.0,0.9274454723601683,1,calib_100cm.json
test_0deg_100cm.wav,1.0,0.0,5.95,359.0,359.5,0.5,0.03673494152509949,1.1122639944077768,359.0,1.1122639944077768,0.0,1.0714050416126968,0,calib_100cm.json
test_0deg_100cm.wav,1.0,0.0,6.45,0.0,0.5,0.5,0.39584872202194515,1.642369068470171,0.0,1.642369068470171,180.0,0.9922393716274854,1,calib_100cm.json
test_0deg_100cm.wav,1.0,0.0,6.95,0.0,0.5,0.5,0.2880809809868622,2.3131728235480065,0.0,2.3131728235480065,180.0,1.6467917273478587,1,calib_100cm.json
test_0deg_100cm.wav,1.0,0.0,7.45,0.0,0.5,0.5,0.2956350807685652,2.2673387292468807,0.0,2.2673387292468807,180.0,1.5970338608959875,1,calib_100cm.json
test_0deg_100cm.wav,1.0,0.0,7.95,0.0,0.5,0.5,0.38832864168239306,1.6005683962108113,0.0,1.6005683962108113,180.0,0.9790218449901122,1,calib_100cm.json
test_0deg_100cm.wav,1.0,0.0,8.45,0.0,0.5,0.5,0.26942736609998014,2.3243902424783434,0.0,2.3243902424783434,180.0,1.6981359016586397,1,calib_100cm.json
test_0deg_100cm.wav,1.0,0.0,8.95,0.0,0.5,0.5,0.39884131284798985,1.6173323239310766,0.0,1.6173323239310766,180.0,0.9722733765425168,1,calib_100cm.json
test_0deg_100cm.wav,1.0,0.0,9.45,0.0,0.5,0.5,0.15181154788348894,1.1560795969527333,0.0,1.1560795969527333,359.0,0.980573363862667,1,calib_100cm.json
test_0deg_100cm.wav,1.0,0.0,9.95,0.0,0.5,0.5,0.03582073967359831,1.20203522738632,0.0,1.20203522738632,359.0,1.1589774364275842,0,calib_100cm.json
test_0deg_100cm.wav,1.0,0.0,10.45,0.0,0.5,0.5,0.05276209523354395,1.0919485220659872,0.0,1.0919485220659872,359.0,1.0343350301545613,1,calib_100cm.json
test_0deg_100cm.wav,1.0,0.0,10.95,0.0,0.5,0.5,0.39548583959627304,1.245484247128553,0.0,1.245484247128553,358.0,0.7529128639485897,1,calib_100cm.json
test_0deg_100cm.wav,1.0,0.0,SUMMARY,,,0.5,,,,,,,16/19,calib_100cm.json
test_0deg_181cm.wav,1.81,0.0,1.95,359.0,356.5,357.5,0.42177165878829265,0.16357950673976956,359.0,0.16357950673976956,182.0,0.09458630683794449,1,calib_181cm.json
test_0deg_181cm.wav,1.81,0.0,2.45,180.0,177.5,357.5,0.018357845932313193,1.0813801054299113,180.0,1.0813801054299113,0.0,1.061528296060142,0,calib_181cm.json
test_0deg_181cm.wav,1.81,0.0,2.95,180.0,177.5,357.5,0.004845324113097818,0.8944085124697159,180.0,0.8944085124697159,0.0,0.8900748133372816,0,calib_181cm.json
test_0deg_181cm.wav,1.81,0.0,3.45,225.0,222.5,357.5,0.1166703337556212,0.634550006089945,225.0,0.634550006089945,45.0,0.560516845094683,1,calib_181cm.json
test_0deg_181cm.wav,1.81,0.0,3.95,0.0,357.5,357.5,0.09852358560495916,1.1161366638045211,0.0,1.1161366638045211,180.0,1.0061708776612444,1,calib_181cm.json
test_0deg_181cm.wav,1.81,0.0,4.45,0.0,357.5,357.5,0.11027433266099596,1.1195971800516393,0.0,1.1195971800516393,180.0,0.9961343481722016,1,calib_181cm.json
test_0deg_181cm.wav,1.81,0.0,4.95,315.0,312.5,357.5,0.11365813768400426,0.7611737895418214,315.0,0.7611737895418214,135.0,0.6746601941685081,1,calib_181cm.json
test_0deg_181cm.wav,1.81,0.0,5.45,0.0,357.5,357.5,0.23313543034172313,1.1460627350332484,0.0,1.1460627350332484,180.0,0.8788749061024267,1,calib_181cm.json
test_0deg_181cm.wav,1.81,0.0,5.95,359.0,356.5,357.5,0.1022412856620402,0.7505141244638739,359.0,0.7505141244638739,225.0,0.6737805954710647,1,calib_181cm.json
test_0deg_181cm.wav,1.81,0.0,6.45,1.0,358.5,357.5,0.12124762721130351,0.759531338452868,1.0,0.759531338452868,225.0,0.667439965872711,1,calib_181cm.json
test_0deg_181cm.wav,1.81,0.0,6.95,0.0,357.5,357.5,0.021917131535059933,0.5565437496800292,0.0,0.5565437496800292,2.0,0.5443459071132546,0,calib_181cm.json
test_0deg_181cm.wav,1.81,0.0,7.45,0.0,357.5,357.5,0.23149433752190995,1.0843381458078754,0.0,1.0843381458078754,180.0,0.8333200050941135,1,calib_181cm.json
test_0deg_181cm.wav,1.81,0.0,7.95,0.0,357.5,357.5,0.2350289251875394,0.6911662831509042,0.0,0.6911662831509042,2.0,0.5287222144958457,1,calib_181cm.json
test_0deg_181cm.wav,1.81,0.0,8.45,0.0,357.5,357.5,0.2501552728746296,1.1397467136746162,0.0,1.1397467136746162,180.0,0.8546330635071301,1,calib_181cm.json
test_0deg_181cm.wav,1.81,0.0,8.95,0.0,357.5,357.5,0.23024394871135756,1.0814222821954307,0.0,1.0814222821954307,180.0,0.8324313457180764,1,calib_181cm.json
test_0deg_181cm.wav,1.81,0.0,9.45,1.0,358.5,357.5,0.38701134442514384,1.1019279290306376,1.0,1.1019279290306376,2.0,0.675469319756489,1,calib_181cm.json
test_0deg_181cm.wav,1.81,0.0,9.95,1.0,358.5,357.5,0.22062604194764102,1.4048459368079367,1.0,1.4048459368079367,179.0,1.0949003382235551,1,calib_181cm.json
test_0deg_181cm.wav,1.81,0.0,10.45,0.0,357.5,357.5,0.15385126000129665,1.697543084859868,0.0,1.697543084859868,180.0,1.4363739423475355,1,calib_181cm.json
test_0deg_181cm.wav,1.81,0.0,10.95,90.0,87.5,357.5,0.047285397927524016,1.314005096894428,90.0,1.314005096894428,270.0,1.2518718430089328,0,calib_181cm.json
test_0deg_181cm.wav,1.81,0.0,SUMMARY,,,357.5,,,,,,,15/19,calib_181cm.json
test_0deg_30cm.wav,0.3,0.0,1.95,1.0,1.0,0.0,0.34056413238732486,1.0641237722052663,1.0,1.0641237722052663,269.0,0.7017213829711119,1,calib_030cm.json
test_0deg_30cm.wav,0.3,0.0,2.45,358.0,358.0,0.0,0.13499879763028397,1.0618209702485908,358.0,1.0618209702485908,181.0,0.9184764159662745,1,calib_030cm.json
test_0deg_30cm.wav,0.3,0.0,2.95,181.0,181.0,0.0,0.11065576872367593,0.8786188205410066,181.0,0.8786188205410066,269.0,0.7813945795388414,1,calib_030cm.json
test_0deg_30cm.wav,0.3,0.0,3.45,358.0,358.0,0.0,0.17551168356727506,1.1385033350376865,358.0,1.1385033350376865,181.0,0.9386826979580892,1,calib_030cm.json
test_0deg_30cm.wav,0.3,0.0,3.95,0.0,0.0,0.0,0.3242497877925251,1.420945000150803,0.0,1.420945000150803,180.0,0.9602038853867313,1,calib_030cm.json
test_0deg_30cm.wav,0.3,0.0,4.45,358.0,358.0,0.0,0.06314003488221578,1.1519419395634902,358.0,1.1519419395634902,181.0,1.079208285317101,1,calib_030cm.json
test_0deg_30cm.wav,0.3,0.0,4.95,0.0,0.0,0.0,0.31904912253906303,1.4494429538696176,0.0,1.4494429538696176,180.0,0.9869994512667695,1,calib_030cm.json
test_0deg_30cm.wav,0.3,0.0,5.45,0.0,0.0,0.0,0.3063580302136385,1.4020835740801192,0.0,1.4020835740801192,180.0,0.9725440121297294,1,calib_030cm.json
test_0deg_30cm.wav,0.3,0.0,5.95,0.0,0.0,0.0,0.2667643742791775,1.2613939522143873,0.0,1.2613939522143873,358.0,0.9248989838321108,1,calib_030cm.json
test_0deg_30cm.wav,0.3,0.0,6.45,0.0,0.0,0.0,0.23218829729163976,1.7655678575972558,0.0,1.7655678575972558,180.0,1.3556236629886684,1,calib_030cm.json
test_0deg_30cm.wav,0.3,0.0,6.95,358.0,358.0,0.0,0.11514654537091361,1.2917485361760297,358.0,1.2917485361760297,181.0,1.14300815474731,1,calib_030cm.json
test_0deg_30cm.wav,0.3,0.0,7.45,0.0,0.0,0.0,0.3062310340710503,1.5236642718831122,0.0,1.5236642718831122,180.0,1.0570709863269265,1,calib_030cm.json
test_0deg_30cm.wav,0.3,0.0,7.95,358.0,358.0,0.0,0.062124486270309594,0.813170304600462,358.0,0.813170304600462,0.0,0.762652517176825,1,calib_030cm.json
test_0deg_30cm.wav,0.3,0.0,8.45,0.0,0.0,0.0,0.24729224638061417,1.7380759658503293,0.0,1.7380759658503293,180.0,1.3082632558747984,1,calib_030cm.json
test_0deg_30cm.wav,0.3,0.0,8.95,0.0,0.0,0.0,0.2693880517828905,1.453609833469252,0.0,1.453609833469252,180.0,1.062024712378249,1,calib_030cm.json
test_0deg_30cm.wav,0.3,0.0,9.45,0.0,0.0,0.0,0.24902668975718634,2.05187438324984,0.0,2.05187438324984,180.0,1.540902897791315,1,calib_030cm.json
test_0deg_30cm.wav,0.3,0.0,9.95,0.0,0.0,0.0,0.23650406273512894,1.3971939928138999,0.0,1.3971939928138999,358.0,1.0667519370840595,1,calib_030cm.json
test_0deg_30cm.wav,0.3,0.0,10.45,358.0,358.0,0.0,0.06197415979357308,1.1400405834028937,358.0,1.1400405834028937,181.0,1.0693875261158625,1,calib_030cm.json
test_0deg_30cm.wav,0.3,0.0,10.95,0.0,0.0,0.0,0.29556519088678884,1.3771397251942337,0.0,1.3771397251942337,180.0,0.9701051594391245,1,calib_030cm.json
test_0deg_30cm.wav,0.3,0.0,SUMMARY,,,0.0,,,,,,,19/19,calib_030cm.json
test_0deg_30cm_V2.wav,0.3,0.0,1.95,0.0,0.0,0.0,0.07884844400349071,2.1614764538754163,0.0,2.1614764538754163,180.0,1.991047398737078,1,calib_030cm.json
test_0deg_30cm_V2.wav,0.3,0.0,2.45,0.0,0.0,0.0,0.16867945440288426,0.966845926919815,0.0,0.966845926919815,270.0,0.803758883475161,1,calib_030cm.json
test_0deg_30cm_V2.wav,0.3,0.0,2.95,181.0,181.0,0.0,0.03286283421616488,0.9851941228441192,181.0,0.9851941228441192,358.0,0.9528178517143201,0,calib_030cm.json
test_0deg_30cm_V2.wav,0.3,0.0,3.45,358.0,358.0,0.0,0.05512825121909423,1.0483089994412356,358.0,1.0483089994412356,181.0,0.9905175575647467,1,calib_030cm.json
test_0deg_30cm_V2.wav,0.3,0.0,3.95,358.0,358.0,0.0,0.015105779390505732,1.0997222634722936,358.0,1.0997222634722936,181.0,1.0831101015694384,0,calib_030cm.json
test_0deg_30cm_V2.wav,0.3,0.0,4.45,358.0,358.0,0.0,0.12262476693997924,1.152838955325839,358.0,1.152838955325839,181.0,1.0114723471095561,1,calib_030cm.json
test_0deg_30cm_V2.wav,0.3,0.0,4.95,358.0,358.0,0.0,0.17823185306322978,1.1700738997130173,358.0,1.1700738997130173,357.0,0.9615294603460683,1,calib_030cm.json
test_0deg_30cm_V2.wav,0.3,0.0,5.45,0.0,0.0,0.0,0.028070883238688504,1.0254661752548695,0.0,1.0254661752548695,270.0,0.9966804339840375,0,calib_030cm.json
test_0deg_30cm_V2.wav,0.3,0.0,5.95,0.0,0.0,0.0,0.17552071370655245,1.983203139660038,0.0,1.983203139660038,180.0,1.635109909161657,1,calib_030cm.json
test_0deg_30cm_V2.wav,0.3,0.0,6.45,358.0,358.0,0.0,0.022311769015756024,0.9887983939864696,358.0,0.9887983939864696,181.0,0.9667365526166707,0,calib_030cm.json
test_0deg_30cm_V2.wav,0.3,0.0,6.95,358.0,358.0,0.0,0.17871982188521912,1.1241744924620976,358.0,1.1241744924620976,357.0,0.9232622274011861,1,calib_030cm.json
test_0deg_30cm_V2.wav,0.3,0.0,7.45,358.0,358.0,0.0,0.19035196145463212,1.130848369550312,358.0,1.130848369550312,357.0,0.9155891642984471,1,calib_030cm.json
test_0deg_30cm_V2.wav,0.3,0.0,7.95,358.0,358.0,0.0,0.3166102461339382,1.2034201551455865,358.0,1.2034201551455865,357.0,0.8224050036220837,1,calib_030cm.json
test_0deg_30cm_V2.wav,0.3,0.0,8.45,358.0,358.0,0.0,0.14343237356683786,0.813631928670109,358.0,0.813631928670109,0.0,0.6969307699310477,1,calib_030cm.json
test_0deg_30cm_V2.wav,0.3,0.0,8.95,0.0,0.0,0.0,0.013135641080087475,0.85146613520046,0.0,0.85146613520046,358.0,0.8402815816566044,0,calib_030cm.json
test_0deg_30cm_V2.wav,0.3,0.0,9.45,0.0,0.0,0.0,0.2794384709627777,1.367238477281189,0.0,1.367238477281189,180.0,0.9851794477479776,1,calib_030cm.json
test_0deg_30cm_V2.wav,0.3,0.0,9.95,0.0,0.0,0.0,0.24437782695490787,1.482129659256898,0.0,1.482129659256898,180.0,1.1199300338620348,1,calib_030cm.json
test_0deg_30cm_V2.wav,0.3,0.0,10.45,359.0,359.0,0.0,0.0755875760355364,0.8452288507709166,359.0,0.8452288507709166,0.0,0.7813400507457653,1,calib_030cm.json
test_0deg_30cm_V2.wav,0.3,0.0,10.95,0.0,0.0,0.0,0.32503709207371534,1.507296148071445,0.0,1.507296148071445,180.0,1.0173689912080652,1,calib_030cm.json
test_0deg_30cm_V2.wav,0.3,0.0,SUMMARY,,,0.0,,,,,,,14/19,calib_030cm.json
test_0deg_50cm.wav,0.5,0.0,1.95,316.0,316.0,0.0,0.018458565015447674,0.8048081877228446,316.0,0.8048081877228446,0.0,0.7899525834647794,0,calib_050cm.json
test_0deg_50cm.wav,0.5,0.0,2.45,0.0,0.0,0.0,0.2602889834278414,2.204314917140559,0.0,2.204314917140559,180.0,1.6305560282029563,1,calib_050cm.json
test_0deg_50cm.wav,0.5,0.0,2.95,0.0,0.0,0.0,0.2718773148257081,2.06980050094405,0.0,2.06980050094405,180.0,1.5070686985222044,1,calib_050cm.json
test_0deg_50cm.wav,0.5,0.0,3.45,358.0,358.0,0.0,0.11253665437989793,1.1556535824319212,358.0,1.1556535824319212,0.0,1.0256001946427766,1,calib_050cm.json
test_0deg_50cm.wav,0.5,0.0,3.95,358.0,358.0,0.0,0.11832561296289261,1.1210863209517343,358.0,1.1210863209517343,0.0,0.9884330948406879,1,calib_050cm.json
test_0deg_50cm.wav,0.5,0.0,4.45,0.0,0.0,0.0,0.09701035250602881,1.1458996015245102,0.0,1.1458996015245102,358.0,1.0347354772440025,1,calib_050cm.json
test_0deg_50cm.wav,0.5,0.0,4.95,270.0,270.0,0.0,0.13674311110128962,1.2905197521482703,270.0,1.2905197521482703,359.0,1.1140500663017139,1,calib_050cm.json
test_0deg_50cm.wav,0.5,0.0,5.45,0.0,0.0,0.0,0.39642034557089517,1.4682038205742807,0.0,1.4682038205742807,180.0,0.8861779546533193,1,calib_050cm.json
test_0deg_50cm.wav,0.5,0.0,5.95,0.0,0.0,0.0,0.29897753646738423,1.9514632405903827,0.0,1.9514632405903827,180.0,1.3680195684117127,1,calib_050cm.json
test_0deg_50cm.wav,0.5,0.0,6.45,0.0,0.0,0.0,0.40115458235783846,1.5009741856388001,0.0,1.5009741856388001,180.0,0.8988515130685694,1,calib_050cm.json
test_0deg_50cm.wav,0.5,0.0,6.95,0.0,0.0,0.0,0.24612748151870373,1.1075981148530183,0.0,1.1075981148530183,358.0,0.8349877803091348,1,calib_050cm.json
test_0deg_50cm.wav,0.5,0.0,7.45,0.0,0.0,0.0,0.18253616486736365,1.2698543719471898,0.0,1.2698543719471898,359.0,1.0380600249517125,1,calib_050cm.json
test_0deg_50cm.wav,0.5,0.0,7.95,0.0,0.0,0.0,0.3807350228756465,1.4736447494411768,0.0,1.4736447494411768,180.0,0.9125765820517333,1,calib_050cm.json
test_0deg_50cm.wav,0.5,0.0,8.45,0.0,0.0,0.0,0.26804811655519917,2.163141525564883,0.0,2.163141525564883,180.0,1.583315513794608,1,calib_050cm.json
test_0deg_50cm.wav,0.5,0.0,8.95,0.0,0.0,0.0,0.28494273211114846,1.98157363286989,0.0,1.98157363286989,180.0,1.4169386280402447,1,calib_050cm.json
test_0deg_50cm.wav,0.5,0.0,9.45,358.0,358.0,0.0,0.22301473008749353,1.1140296191859598,358.0,1.1140296191859598,357.0,0.8655846043535067,1,calib_050cm.json
test_0deg_50cm.wav,0.5,0.0,9.95,358.0,358.0,0.0,0.14258790964373871,1.245258234178796,358.0,1.245258234178796,359.0,1.0676994656004457,1,calib_050cm.json
test_0deg_50cm.wav,0.5,0.0,10.45,358.0,358.0,0.0,0.16182614805217482,1.0478712814510478,358.0,1.0478712814510478,0.0,0.8782983083191666,1,calib_050cm.json
test_0deg_50cm.wav,0.5,0.0,10.95,0.0,0.0,0.0,0.29248267169140607,1.396032146744007,0.0,1.396032146744007,358.0,0.9877169346969383,1,calib_050cm.json
test_0deg_50cm.wav,0.5,0.0,SUMMARY,,,0.0,,,,,,,18/19,calib_050cm.json
test_140deg_50cm.wav,0.5,140.0,1.95,90.0,90.0,0.0,0.0031126182207547493,1.5680603757363156,90.0,1.5680603757363156,270.0,1.5631796024395521,0,calib_050cm.json
test_140deg_50cm.wav,0.5,140.0,2.45,270.0,270.0,0.0,0.10150987800486196,1.5614573447053797,270.0,1.5614573447053797,90.0,1.4029540001344394,1,calib_050cm.json
test_140deg_50cm.wav,0.5,140.0,2.95,180.0,180.0,0.0,0.056588024434676074,1.2080668131024261,180.0,1.2080668131024261,0.0,1.1397046987638082,1,calib_050cm.json
test_140deg_50cm.wav,0.5,140.0,3.45,138.0,138.0,0.0,0.0326304844157167,1.0994079157832644,138.0,1.0994079157832644,137.0,1.0635337029207503,0,calib_050cm.json
test_140deg_50cm.wav,0.5,140.0,3.95,138.0,138.0,0.0,0.028120820829424374,1.0011781285224988,138.0,1.0011781285224988,139.0,0.973024177751951,0,calib_050cm.json
test_140deg_50cm.wav,0.5,140.0,4.45,135.0,135.0,0.0,0.23650063211174757,1.3126010934593881,135.0,1.3126010934593881,139.0,1.0021701051454353,1,calib_050cm.json
test_140deg_50cm.wav,0.5,140.0,4.95,135.0,135.0,0.0,0.2379339585127665,1.2853568200511252,135.0,1.2853568200511252,139.0,0.9795267837547413,1,calib_050cm.json
test_140deg_50cm.wav,0.5,140.0,5.45,138.0,138.0,0.0,0.02087353660742747,1.02089368663174,138.0,1.02089368663174,139.0,0.9995840248915199,0,calib_050cm.json
test_140deg_50cm.wav,0.5,140.0,5.95,136.0,136.0,0.0,0.10766656001126636,1.1651858947265032,136.0,1.1651858947265032,137.0,1.0397343376675434,1,calib_050cm.json
test_140deg_50cm.wav,0.5,140.0,6.45,136.0,136.0,0.0,0.2626145080010391,1.3827294669690355,136.0,1.3827294669690355,137.0,1.0196046483021606,1,calib_050cm.json
test_140deg_50cm.wav,0.5,140.0,6.95,137.0,137.0,0.0,0.07566065128103243,1.1564235619136276,137.0,1.1564235619136276,136.0,1.0689278020624355,1,calib_050cm.json
test_140deg_50cm.wav,0.5,140.0,7.45,136.0,136.0,0.0,0.08016116004879247,1.084782928435294,136.0,1.084782928435294,138.0,0.9978254704907144,1,calib_050cm.json
test_140deg_50cm.wav,0.5,140.0,7.95,135.0,135.0,0.0,0.17134798719263808,1.2554734699044907,135.0,1.2554734699044907,139.0,1.0403506178624278,1,calib_050cm.json
test_140deg_50cm.wav,0.5,140.0,8.45,136.0,136.0,0.0,0.017584952930434758,1.0271990760403742,136.0,1.0271990760403742,138.0,1.0091358286380006,0,calib_050cm.json
test_140deg_50cm.wav,0.5,140.0,8.95,138.0,138.0,0.0,0.03291824578117964,1.0449879350242857,138.0,1.0449879350242857,139.0,1.010588765340756,0,calib_050cm.json
test_140deg_50cm.wav,0.5,140.0,9.45,138.0,138.0,0.0,0.030105119183159702,1.0412157675480567,138.0,1.0412157675480567,139.0,1.0098698427706072,0,calib_050cm.json
test_140deg_50cm.wav,0.5,140.0,9.95,138.0,138.0,0.0,0.06768748298874644,1.1291881786182427,138.0,1.1291881786182427,137.0,1.0527562729868591,1,calib_050cm.json
test_140deg_50cm.wav,0.5,140.0,10.45,270.0,270.0,0.0,0.06587257328343063,1.2981616618862355,270.0,1.2981616618862355,90.0,1.2126484126798285,1,calib_050cm.json
test_140deg_50cm.wav,0.5,140.0,10.95,136.0,136.0,0.0,0.2397391137961351,1.3334708973802252,136.0,1.3334708973802252,138.0,1.0137857661691132,1,calib_050cm.json
test_140deg_50cm.wav,0.5,140.0,SUMMARY,,,0.0,,,,,,,12/19,calib_050cm.json
test_180deg_100cm.wav,1.0,180.0,1.95,180.0,180.5,0.5,0.1505802101720106,1.0222958550309444,180.0,1.0222958550309444,0.0,0.868358330322259,1,calib_100cm.json
test_180deg_100cm.wav,1.0,180.0,2.45,180.0,180.5,0.5,0.09829023219562405,0.7079407684030413,180.0,0.7079407684030413,177.0,0.6383571058958596,1,calib_100cm.json
test_180deg_100cm.wav,1.0,180.0,2.95,179.0,179.5,0.5,0.16616770402684627,0.9845098450132084,179.0,0.9845098450132084,1.0,0.8209161044753711,1,calib_100cm.json
test_180deg_100cm.wav,1.0,180.0,3.45,179.0,179.5,0.5,0.1302676350837202,1.033652627724005,179.0,1.033652627724005,178.0,0.8990011444121956,1,calib_100cm.json
test_180deg_100cm.wav,1.0,180.0,3.95,179.0,179.5,0.5,0.2143208565051723,1.1452562937056723,179.0,1.1452562937056723,178.0,0.8998039839205191,1,calib_100cm.json
test_180deg_100cm.wav,1.0,180.0,4.45,179.0,179.5,0.5,0.17631773648720314,1.1993386061978906,179.0,1.1993386061978906,178.0,0.987873937871185,1,calib_100cm.json
test_180deg_100cm.wav,1.0,180.0,4.95,180.0,180.5,0.5,0.050317568822810695,1.004423913138504,180.0,1.004423913138504,176.0,0.9538837437618302,1,calib_100cm.json
test_180deg_100cm.wav,1.0,180.0,5.45,178.0,178.5,0.5,0.00014827264782760877,0.9366590347164612,178.0,0.9366590347164612,176.0,0.936520153801272,0,calib_100cm.json
test_180deg_100cm.wav,1.0,180.0,5.95,178.0,178.5,0.5,0.026003379251686217,1.1362465007188831,178.0,1.1362465007188831,179.0,1.1067002520372626,0,calib_100cm.json
test_180deg_100cm.wav,1.0,180.0,6.45,177.0,177.5,0.5,0.009106852419512316,1.0675741132211616,177.0,1.0675741132211616,178.0,1.0578518733251556,0,calib_100cm.json
test_180deg_100cm.wav,1.0,180.0,6.95,177.0,177.5,0.5,0.009077657949131124,1.160815577887006,177.0,1.160815577887006,178.0,1.1502780911289157,0,calib_100cm.json
test_180deg_100cm.wav,1.0,180.0,7.45,176.0,176.5,0.5,0.0003290106426977248,0.8659530381012682,176.0,0.8659530381012682,179.0,0.8656681303356561,0,calib_100cm.json
test_180deg_100cm.wav,1.0,180.0,7.95,176.0,176.5,0.5,0.033068051983057706,0.9452007012210186,176.0,0.9452007012210186,180.0,0.9139447552985863,0,calib_100cm.json
test_180deg_100cm.wav,1.0,180.0,8.45,177.0,177.5,0.5,0.06727671749269308,1.0501884867387243,177.0,1.0501884867387243,176.0,0.979535252602257,1,calib_100cm.json
test_180deg_100cm.wav,1.0,180.0,8.95,177.0,177.5,0.5,0.04092058592753309,0.9694021146641233,177.0,0.9694021146641233,176.0,0.9297336121326368,0,calib_100cm.json
test_180deg_100cm.wav,1.0,180.0,9.45,178.0,178.5,0.5,0.054615274114989835,1.0618184402679012,178.0,1.0618184402679012,177.0,1.0038269350922642,1,calib_100cm.json
test_180deg_100cm.wav,1.0,180.0,9.95,178.0,178.5,0.5,0.11887995821635905,1.1683690973615684,178.0,1.1683690973615684,177.0,1.029473427885821,1,calib_100cm.json
test_180deg_100cm.wav,1.0,180.0,10.45,179.0,179.5,0.5,0.07603663238487188,1.0738989664125569,179.0,1.0738989664125569,177.0,0.9922433054848754,1,calib_100cm.json
test_180deg_100cm.wav,1.0,180.0,10.95,176.0,176.5,0.5,0.053959140341266094,0.9784564103260908,176.0,0.9784564103260908,175.0,0.9256597435634398,1,calib_100cm.json
test_180deg_100cm.wav,1.0,180.0,SUMMARY,,,0.5,,,,,,,12/19,calib_100cm.json
test_180deg_30cm.wav,0.3,180.0,1.95,180.0,180.0,0.0,0.1409917407797822,2.1626660625576006,180.0,2.1626660625576006,0.0,1.8577480096721062,1,calib_030cm.json
test_180deg_30cm.wav,0.3,180.0,2.45,180.0,180.0,0.0,0.15083383521473434,1.944512751673574,180.0,1.944512751673574,0.0,1.6512144357145417,1,calib_030cm.json
test_180deg_30cm.wav,0.3,180.0,2.95,180.0,180.0,0.0,0.22472486764286198,2.083521855447687,180.0,2.083521855447687,0.0,1.6153026822509706,1,calib_030cm.json
test_180deg_30cm.wav,0.3,180.0,3.45,180.0,180.0,0.0,0.2123252430524025,2.164736718585135,180.0,2.164736718585135,0.0,1.7051084686668736,1,calib_030cm.json
test_180deg_30cm.wav,0.3,180.0,3.95,180.0,180.0,0.0,0.23338069120925992,1.9436860540557503,180.0,1.9436860540557503,0.0,1.490067259266187,1,calib_030cm.json
test_180deg_30cm.wav,0.3,180.0,4.45,180.0,180.0,0.0,0.2181532409367641,2.2173011642344433,180.0,2.2173011642344433,0.0,1.733589729123621,1,calib_030cm.json
test_180deg_30cm.wav,0.3,180.0,4.95,179.0,179.0,0.0,0.0931466514112584,1.226650221477483,179.0,1.226650221477483,178.0,1.1123918608938839,1,calib_030cm.json
test_180deg_30cm.wav,0.3,180.0,5.45,180.0,180.0,0.0,0.25271054119220276,1.777182784506604,180.0,1.777182784506604,0.0,1.3280699612362215,1,calib_030cm.json
test_180deg_30cm.wav,0.3,180.0,5.95,180.0,180.0,0.0,0.2348692633144001,2.1098221449394994,180.0,2.1098221449394994,0.0,1.6142897720329168,1,calib_030cm.json
test_180deg_30cm.wav,0.3,180.0,6.45,180.0,180.0,0.0,0.12851986584174518,1.4247706321959748,180.0,1.4247706321959748,178.0,1.241659301690761,1,calib_030cm.json
test_180deg_30cm.wav,0.3,180.0,6.95,178.0,178.0,0.0,0.21789069809576106,1.4640923743903742,178.0,1.4640923743903742,1.0,1.1450802648575573,1,calib_030cm.json
test_180deg_30cm.wav,0.3,180.0,7.45,180.0,180.0,0.0,0.16701489947767822,1.397669550346944,180.0,1.397669550346944,179.0,1.1642379108925704,1,calib_030cm.json
test_180deg_30cm.wav,0.3,180.0,7.95,180.0,180.0,0.0,0.16651826658879837,1.5191642745382952,180.0,1.5191642745382952,178.0,1.2661956728783823,1,calib_030cm.json
test_180deg_30cm.wav,0.3,180.0,8.45,178.0,178.0,0.0,0.11117489424747797,1.4301635150205232,178.0,1.4301635150205232,180.0,1.271165237481404,1,calib_030cm.json
test_180deg_30cm.wav,0.3,180.0,8.95,180.0,180.0,0.0,0.19924567796371673,2.0084430463381353,180.0,2.0084430463381353,0.0,1.6082694499187817,1,calib_030cm.json
test_180deg_30cm.wav,0.3,180.0,9.45,180.0,180.0,0.0,0.25798697825360334,1.6698065473382193,180.0,1.6698065473382193,0.0,1.2390182019220917,1,calib_030cm.json
test_180deg_30cm.wav,0.3,180.0,9.95,180.0,180.0,0.0,0.207700616326653,2.071626596444553,180.0,2.071626596444553,0.0,1.6413484755641252,1,calib_030cm.json
test_180deg_30cm.wav,0.3,180.0,10.45,180.0,180.0,0.0,0.23525085308078483,1.7820676272113185,180.0,1.7820676272113185,0.0,1.3628346976619705,1,calib_030cm.json
test_180deg_30cm.wav,0.3,180.0,10.95,180.0,180.0,0.0,0.23647322725236125,1.7747831754452206,180.0,1.7747831754452206,0.0,1.355094470274259,1,calib_030cm.json
test_180deg_30cm.wav,0.3,180.0,SUMMARY,,,0.0,,,,,,,19/19,calib_030cm.json
test_180deg_50cm.wav,0.5,180.0,1.95,180.0,180.0,0.0,0.18216900786148907,1.8829094156925472,180.0,1.8829094156925472,0.0,1.5399016755425976,1,calib_050cm.json
test_180deg_50cm.wav,0.5,180.0,2.45,180.0,180.0,0.0,0.300369639148172,2.3213213709772442,180.0,2.3213213709772442,0.0,1.6240669084295691,1,calib_050cm.json
test_180deg_50cm.wav,0.5,180.0,2.95,179.0,179.0,0.0,0.08554889610301954,1.6461609190142361,179.0,1.6461609190142361,180.0,1.5053336695845505,1,calib_050cm.json
test_180deg_50cm.wav,0.5,180.0,3.45,180.0,180.0,0.0,0.20991964961351006,1.5323335603395591,180.0,1.5323335603395591,179.0,1.2106666362618466,1,calib_050cm.json
test_180deg_50cm.wav,0.5,180.0,3.95,180.0,180.0,0.0,0.15540306645589663,1.5925959063006039,180.0,1.5925959063006039,179.0,1.3451016188362268,1,calib_050cm.json
test_180deg_50cm.wav,0.5,180.0,4.45,180.0,180.0,0.0,0.27144836853771676,2.415375757407089,180.0,2.415375757407089,0.0,1.7597259486531114,1,calib_050cm.json
test_180deg_50cm.wav,0.5,180.0,4.95,179.0,179.0,0.0,0.017757212717208662,1.4646519086735719,179.0,1.4646519086735719,180.0,1.4386437731745718,0,calib_050cm.json
test_180deg_50cm.wav,0.5,180.0,5.45,180.0,180.0,0.0,0.3757156673910195,1.806218501220665,180.0,1.806218501220665,0.0,1.12759391158016,1,calib_050cm.json
test_180deg_50cm.wav,0.5,180.0,5.95,180.0,180.0,0.0,0.11569594480283375,1.8432347041087294,180.0,1.8432347041087294,179.0,1.6299799235233825,1,calib_050cm.json
test_180deg_50cm.wav,0.5,180.0,6.45,180.0,180.0,0.0,0.07724980908789202,1.7058446129819036,180.0,1.7058446129819036,179.0,1.5740684422953652,1,calib_050cm.json
test_180deg_50cm.wav,0.5,180.0,6.95,178.0,178.0,0.0,0.004754056431287434,1.4343774028697034,178.0,1.4343774028697034,179.0,1.4275582917526926,0,calib_050cm.json
test_180deg_50cm.wav,0.5,180.0,7.45,180.0,180.0,0.0,0.2808695103264291,2.35886819161253,180.0,2.35886819161253,0.0,1.6963340377094485,1,calib_050cm.json
test_180deg_50cm.wav,0.5,180.0,7.95,179.0,179.0,0.0,0.03551705934401175,1.3214053916644983,179.0,1.3214053916644983,180.0,1.2744729579512177,0,calib_050cm.json
test_180deg_50cm.wav,0.5,180.0,8.45,180.0,180.0,0.0,0.37930941024436293,1.8669279762328965,180.0,1.8669279762328965,0.0,1.1587846265989152,1,calib_050cm.json
test_180deg_50cm.wav,0.5,180.0,8.95,180.0,180.0,0.0,0.30921495841782337,2.3834087564264017,180.0,2.3834087564264017,0.0,1.6464231169150265,1,calib_050cm.json
test_180deg_50cm.wav,0.5,180.0,9.45,180.0,180.0,0.0,0.011657252177598257,1.4146576785627603,180.0,1.4146576785627603,178.0,1.3981666572587668,0,calib_050cm.json
test_180deg_50cm.wav,0.5,180.0,9.95,180.0,180.0,0.0,0.3926072828331871,1.7365090950895223,180.0,1.7365090950895223,0.0,1.0547429776509158,1,calib_050cm.json
test_180deg_50cm.wav,0.5,180.0,10.45,180.0,180.0,0.0,0.3614660935343213,1.8022573008433942,180.0,1.8022573008433942,0.0,1.150802394763461,1,calib_050cm.json
test_180deg_50cm.wav,0.5,180.0,10.95,180.0,180.0,0.0,0.2699252639535213,2.360103700901104,180.0,2.360103700901104,0.0,1.723052086477421,1,calib_050cm.json
test_180deg_50cm.wav,0.5,180.0,SUMMARY,,,0.0,,,,,,,15/19,calib_050cm.json
test_60deg_181cm.wav,1.81,60.0,1.95,45.0,42.5,357.5,0.014108244998912611,0.5245012875698389,45.0,0.5245012875698389,225.0,0.5171014949025444,0,calib_181cm.json
test_60deg_181cm.wav,1.81,60.0,2.45,89.0,86.5,357.5,0.05393246435423772,0.26557267329417855,89.0,0.26557267329417855,179.0,0.2512496845582267,1,calib_181cm.json
test_60deg_181cm.wav,1.81,60.0,2.95,179.0,176.5,357.5,0.136244867395334,0.12197152306972989,179.0,0.12197152306972989,89.0,0.10535352908295137,1,calib_181cm.json
test_60deg_181cm.wav,1.81,60.0,3.45,89.0,86.5,357.5,0.11728049991303892,0.3991983393271121,89.0,0.3991983393271121,45.0,0.35238015852625615,1,calib_181cm.json
test_60deg_181cm.wav,1.81,60.0,3.95,91.0,88.5,357.5,0.21638206028855916,0.2513602178482022,91.0,0.2513602178482022,46.0,0.1969703760354108,1,calib_181cm.json
test_60deg_181cm.wav,1.81,60.0,4.45,135.0,132.5,357.5,0.019188822509729076,0.4994008505696359,135.0,0.4994008505696359,315.0,0.48981793628682824,0,calib_181cm.json
test_60deg_181cm.wav,1.81,60.0,4.95,45.0,42.5,357.5,0.001116795784635044,0.5569018864506997,45.0,0.5569018864506997,225.0,0.5562799407714552,0,calib_181cm.json
test_60deg_181cm.wav,1.81,60.0,5.45,269.0,266.5,357.5,0.3019762283337643,0.6937020724476897,269.0,0.6937020724476897,91.0,0.48422053702231865,1,calib_181cm.json
test_60deg_181cm.wav,1.81,60.0,5.95,270.0,267.5,357.5,0.0009401862597831506,0.8984194429961565,270.0,0.8984194429961565,90.0,0.8975747613803285,0,calib_181cm.json
test_60deg_181cm.wav,1.81,60.0,6.45,180.0,177.5,357.5,0.0017784399131295342,1.157244798037708,180.0,1.157244798037708,0.0,1.1551867076996145,0,calib_181cm.json
test_60deg_181cm.wav,1.81,60.0,6.95,225.0,222.5,357.5,0.06705902657336607,0.6665984961622167,225.0,0.6665984961622167,89.0,0.6218970498942417,1,calib_181cm.json
test_60deg_181cm.wav,1.81,60.0,7.45,89.0,86.5,357.5,0.10587162774604751,0.4748272312968193,89.0,0.4748272312968193,55.0,0.4245564994211702,1,calib_181cm.json
test_60deg_181cm.wav,1.81,60.0,7.95,90.0,87.5,357.5,0.02857374121414716,0.68789528037117,90.0,0.68789528037117,270.0,0.6682395386473824,0,calib_181cm.json
test_60deg_181cm.wav,1.81,60.0,8.45,90.0,87.5,357.5,0.029307264647557087,1.1512986069104383,90.0,1.1512986069104383,270.0,1.117557193949321,0,calib_181cm.json
test_60deg_181cm.wav,1.81,60.0,8.95,90.0,87.5,357.5,0.011437603437622818,1.2367673475761622,90.0,1.2367673475761622,270.0,1.222621693109974,0,calib_181cm.json
test_60deg_181cm.wav,1.81,60.0,9.45,179.0,176.5,357.5,0.1071289536860421,0.5280098371529072,179.0,0.5280098371529072,1.0,0.4714446957626716,1,calib_181cm.json
test_60deg_181cm.wav,1.81,60.0,9.95,134.0,131.5,357.5,0.029896336595915354,0.45005247359568945,134.0,0.45005247359568945,55.0,0.4365975533592185,0,calib_181cm.json
test_60deg_181cm.wav,1.81,60.0,10.45,135.0,132.5,357.5,0.02722818993705608,0.7278684163487272,135.0,0.7278684163487272,315.0,0.7080498768591726,0,calib_181cm.json
test_60deg_181cm.wav,1.81,60.0,10.95,90.0,87.5,357.5,0.0331904678639032,0.5308830651795761,90.0,0.5308830651795761,270.0,0.5132628078652097,0,calib_181cm.json
test_60deg_181cm.wav,1.81,60.0,SUMMARY,,,357.5,,,,,,,8/19,calib_181cm.json
test_90deg_181cm.wav,1.81,90.0,1.95,45.0,42.5,357.5,0.010589188487451563,0.5542782874678088,45.0,0.5542782874678088,225.0,0.5484089302072997,0,calib_181cm.json
test_90deg_181cm.wav,1.81,90.0,2.45,90.0,87.5,357.5,0.024610396046738085,0.44022991119530436,90.0,0.44022991119530436,270.0,0.42939567872914297,0,calib_181cm.json
test_90deg_181cm.wav,1.81,90.0,2.95,135.0,132.5,357.5,0.007783178838749342,0.7392673051131565,135.0,0.7392673051131565,315.0,0.7335134554678128,0,calib_181cm.json
test_90deg_181cm.wav,1.81,90.0,3.45,180.0,177.5,357.5,0.0025495793449949546,0.5295360478260105,180.0,0.5295360478260105,0.0,0.5281859536560405,0,calib_181cm.json
test_90deg_181cm.wav,1.81,90.0,3.95,180.0,177.5,357.5,0.047353866898349514,0.7218710634003974,180.0,0.7218710634003974,0.0,0.6876876771463176,0,calib_181cm.json
test_90deg_181cm.wav,1.81,90.0,4.45,95.0,92.5,357.5,0.07120586627943538,0.5915435101110209,95.0,0.5915435101110209,96.0,0.5494221420315165,1,calib_181cm.json
test_90deg_181cm.wav,1.81,90.0,4.95,95.0,92.5,357.5,0.11229383245302621,0.7095362113998479,95.0,0.7095362113998479,96.0,0.6298596709574461,1,calib_181cm.json
test_90deg_181cm.wav,1.81,90.0,5.45,0.0,357.5,357.5,0.024870756069368796,0.8655907165372432,0.0,0.8655907165372432,180.0,0.8440628209703104,0,calib_181cm.json
test_90deg_181cm.wav,1.81,90.0,5.95,95.0,92.5,357.5,0.04265613379783969,0.5800157709872579,95.0,0.5800157709872579,96.0,0.5552745406551256,0,calib_181cm.json
test_90deg_181cm.wav,1.81,90.0,6.45,225.0,222.5,357.5,0.02058857746855862,0.6729369420373544,225.0,0.6729369420373544,95.0,0.6590821276747428,0,calib_181cm.json
test_90deg_181cm.wav,1.81,90.0,6.95,90.0,87.5,357.5,0.02784809806995512,0.9917962471812546,90.0,0.9917962471812546,270.0,0.9641766080243097,0,calib_181cm.json
test_90deg_181cm.wav,1.81,90.0,7.45,90.0,87.5,357.5,0.0254117571239576,1.2744496787492405,90.0,1.2744496787492405,270.0,1.2420636730461336,0,calib_181cm.json
test_90deg_181cm.wav,1.81,90.0,7.95,95.0,92.5,357.5,0.0520133856638444,0.6317318407936194,95.0,0.6317318407936194,96.0,0.5988733289222385,1,calib_181cm.json
test_90deg_181cm.wav,1.81,90.0,8.45,225.0,222.5,357.5,0.010604900189702178,0.6190924069069785,225.0,0.6190924069069785,45.0,0.6125269937235169,0,calib_181cm.json
test_90deg_181cm.wav,1.81,90.0,8.95,95.0,92.5,357.5,0.006275056522257836,0.6188959559566413,95.0,0.6188959559566413,94.0,0.6150123488516103,0,calib_181cm.json
test_90deg_181cm.wav,1.81,90.0,9.45,95.0,92.5,357.5,0.0704133355623975,0.705998278125411,95.0,0.705998278125411,94.0,0.6562865844612212,1,calib_181cm.json
test_90deg_181cm.wav,1.81,90.0,9.95,95.0,92.5,357.5,0.054655133789984454,0.6755708209831273,95.0,0.6755708209831273,96.0,0.6386474073776301,1,calib_181cm.json
test_90deg_181cm.wav,1.81,90.0,10.45,90.0,87.5,357.5,0.015870403122711964,0.8059752388271973,90.0,0.8059752388271973,270.0,0.7931840868800698,0,calib_181cm.json
test_90deg_181cm.wav,1.81,90.0,10.95,90.0,87.5,357.5,0.021249498628165435,1.156014121324002,90.0,1.156014121324002,270.0,1.1314494008387666,0,calib_181cm.json
test_90deg_181cm.wav,1.81,90.0,SUMMARY,,,357.5,,,,,,,5/19,calib_181cm.json
test_90deg_30cm.wav,0.3,90.0,1.95,90.0,90.0,0.0,0.19368237940750088,1.3877112344505391,90.0,1.3877112344505391,270.0,1.1189360206314447,1,calib_030cm.json
test_90deg_30cm.wav,0.3,90.0,2.45,0.0,0.0,0.0,0.021132439279018974,1.0507099074603272,0.0,1.0507099074603272,180.0,1.028505844141037,0,calib_030cm.json
test_90deg_30cm.wav,0.3,90.0,2.95,92.0,92.0,0.0,0.05038401908381413,0.6985771759570627,92.0,0.6985771759570627,269.0,0.6633800501920747,1,calib_030cm.json
test_90deg_30cm.wav,0.3,90.0,3.45,90.0,90.0,0.0,0.23564242704721544,1.9638249246995563,90.0,1.9638249246995563,270.0,1.501064453147302,1,calib_030cm.json
test_90deg_30cm.wav,0.3,90.0,3.95,90.0,90.0,0.0,0.2590877481736997,1.5993182185952113,90.0,1.5993182185952113,270.0,1.184954462725946,1,calib_030cm.json
test_90deg_30cm.wav,0.3,90.0,4.45,89.0,89.0,0.0,0.2248914193366331,1.1759713121171163,89.0,1.1759713121171163,90.0,0.9115054546357103,1,calib_030cm.json
test_90deg_30cm.wav,0.3,90.0,4.95,90.0,90.0,0.0,0.2897990717494221,1.4404047451928783,90.0,1.4404047451928783,270.0,1.0229767870922295,1,calib_030cm.json
test_90deg_30cm.wav,0.3,90.0,5.45,90.0,90.0,0.0,0.23747442330171828,1.3262905011762811,90.0,1.3262905011762811,89.0,1.0113304292786593,1,calib_030cm.json
test_90deg_30cm.wav,0.3,90.0,5.95,90.0,90.0,0.0,0.2557770729939927,1.437910758034685,90.0,1.437910758034685,270.0,1.0701261531177442,1,calib_030cm.json
test_90deg_30cm.wav,0.3,90.0,6.45,88.0,88.0,0.0,0.11726653819662305,1.1489464339043467,88.0,1.1489464339043467,89.0,1.0142134630269115,1,calib_030cm.json
test_90deg_30cm.wav,0.3,90.0,6.95,90.0,90.0,0.0,0.31639404961673084,1.436790329675731,90.0,1.436790329675731,270.0,0.9821984188191523,1,calib_030cm.json
test_90deg_30cm.wav,0.3,90.0,7.45,90.0,90.0,0.0,0.24022909472740098,2.0668311970285322,90.0,2.0668311970285322,270.0,1.5703182096117771,1,calib_030cm.json
test_90deg_30cm.wav,0.3,90.0,7.95,90.0,90.0,0.0,0.200400993214334,1.9232551496266608,90.0,1.9232551496266608,270.0,1.537832907436695,1,calib_030cm.json
test_90deg_30cm.wav,0.3,90.0,8.45,89.0,89.0,0.0,0.08555098583513969,0.9638730772920245,89.0,0.9638730772920245,88.0,0.8814127853096565,1,calib_030cm.json
test_90deg_30cm.wav,0.3,90.0,8.95,0.0,0.0,0.0,0.0436047364519282,1.3575456969159316,0.0,1.3575456969159316,180.0,1.2983502745804196,0,calib_030cm.json
test_90deg_30cm.wav,0.3,90.0,9.45,89.0,89.0,0.0,0.3290560577451098,1.138215074893322,89.0,1.138215074893322,91.0,0.7636785094825415,1,calib_030cm.json
test_90deg_30cm.wav,0.3,90.0,9.95,89.0,89.0,0.0,0.2555421128949229,1.2899756880310163,89.0,1.2899756880310163,91.0,0.9603325751282329,1,calib_030cm.json
test_90deg_30cm.wav,0.3,90.0,10.45,90.0,90.0,0.0,0.23459584415823517,2.0199931170391325,90.0,2.0199931170391325,270.0,1.5461111265532779,1,calib_030cm.json
test_90deg_30cm.wav,0.3,90.0,10.95,90.0,90.0,0.0,0.2953167320468751,1.5016530257865344,90.0,1.5016530257865344,270.0,1.0581897615426579,1,calib_030cm.json
test_90deg_30cm.wav,0.3,90.0,SUMMARY,,,0.0,,,,,,,17/19,calib_030cm.json
test_90deg_50cm.wav,0.5,90.0,1.95,270.0,270.0,0.0,0.013953303050692286,1.8289101244198458,270.0,1.8289101244198458,90.0,1.8033907872013224,0,calib_050cm.json
test_90deg_50cm.wav,0.5,90.0,2.45,90.0,90.0,0.0,0.1938585743172203,1.336776444758298,90.0,1.336776444758298,270.0,1.077630868996418,1,calib_050cm.json
test_90deg_50cm.wav,0.5,90.0,2.95,90.0,90.0,0.0,0.2031261892416679,1.2261670267885774,90.0,1.2261670267885774,270.0,0.9771003912630244,1,calib_050cm.json
test_90deg_50cm.wav,0.5,90.0,3.45,92.0,92.0,0.0,0.11387759071054729,1.0392424417961312,92.0,1.0392424417961312,90.0,0.9208960163601277,1,calib_050cm.json
test_90deg_50cm.wav,0.5,90.0,3.95,90.0,90.0,0.0,0.3271724216872545,1.5392852471797536,90.0,1.5392852471797536,270.0,1.0356735651921622,1,calib_050cm.json
test_90deg_50cm.wav,0.5,90.0,4.45,90.0,90.0,0.0,0.2823381064356367,2.001818863846608,90.0,2.001818863846608,270.0,1.4366291164007368,1,calib_050cm.json
test_90deg_50cm.wav,0.5,90.0,4.95,90.0,90.0,0.0,0.27458153111601014,1.959642369300106,90.0,1.959642369300106,270.0,1.4215607670976025,1,calib_050cm.json
test_90deg_50cm.wav,0.5,90.0,5.45,90.0,90.0,0.0,0.24021339988410173,2.2633479728303705,90.0,2.2633479728303705,270.0,1.7196614611557575,1,calib_050cm.json
test_90deg_50cm.wav,0.5,90.0,5.95,90.0,90.0,0.0,0.3225916487178424,1.653233809203655,90.0,1.653233809203655,91.0,1.1199143889762464,1,calib_050cm.json
test_90deg_50cm.wav,0.5,90.0,6.45,90.0,90.0,0.0,0.2688841199183887,2.179995454745705,90.0,2.179995454745705,270.0,1.5938292954700497,1,calib_050cm.json
test_90deg_50cm.wav,0.5,90.0,6.95,90.0,90.0,0.0,0.33519674880471173,1.553150175619186,90.0,1.553150175619186,92.0,1.0325392863458325,1,calib_050cm.json
test_90deg_50cm.wav,0.5,90.0,7.45,90.0,90.0,0.0,0.254325997616746,2.012713981917862,90.0,2.012713981917862,270.0,1.500828490549174,1,calib_050cm.json
test_90deg_50cm.wav,0.5,90.0,7.95,90.0,90.0,0.0,0.27784248524499094,1.81400541595863,90.0,1.81400541595863,270.0,1.309997642940533,1,calib_050cm.json
test_90deg_50cm.wav,0.5,90.0,8.45,90.0,90.0,0.0,0.23374482286943007,2.1950819815981584,90.0,2.1950819815981584,270.0,1.6819929326253855,1,calib_050cm.json
test_90deg_50cm.wav,0.5,90.0,8.95,90.0,90.0,0.0,0.24403294935326222,2.3616818324154782,90.0,2.3616818324154782,270.0,1.7853536494168682,1,calib_050cm.json
test_90deg_50cm.wav,0.5,90.0,9.45,90.0,90.0,0.0,0.31586413827774984,1.6602185031498295,90.0,1.6602185031498295,270.0,1.135815016299317,1,calib_050cm.json
test_90deg_50cm.wav,0.5,90.0,9.95,90.0,90.0,0.0,0.31880583615600966,1.650159800916632,90.0,1.650159800916632,270.0,1.124079225794052,1,calib_050cm.json
test_90deg_50cm.wav,0.5,90.0,10.45,90.0,90.0,0.0,0.3716480670378893,1.4905432523670645,90.0,1.4905432523670645,270.0,0.9365857337881045,1,calib_050cm.json
test_90deg_50cm.wav,0.5,90.0,10.95,90.0,90.0,0.0,0.28183363322893407,1.3541944827441692,90.0,1.3541944827441692,91.0,0.9725369315735211,1,calib_050cm.json
test_90deg_50cm.wav,0.5,90.0,SUMMARY,,,0.0,,,,,,,18/19,calib_050cm.json
